지번주소,위도,경도
대구광역시 달서구 용산동 13,35.86341822,128.5243182
대구광역시 달서구 대천동 467,35.81699982,128.5188133
대구광역시 달서구 유천동 609,35.81651441,128.5156759
대구광역시 달서구 유천동 574,35.81972464,128.5125985
대구광역시 달서구 죽전동 174-1,35.85778773,128.5399257
대구광역시 달서구 이곡동 1191-1,35.85706992,128.5018556
대구광역시 달서구 신당동 1844-2,35.85329967,128.496288
대구광역시 달서구 월성동 82-1,35.83110683,128.5260862
대구광역시 달서구 상인동 1519,35.81635648,128.543274
대구광역시 달서구 월성동 500-3,35.82411883,128.5328131
대구광역시 달서구 본리동 166-1,35.840575,128.5472918
대구광역시 달서구 두류동 472-1,35.85636069,128.5563354
대구광역시 달서구 두류동 812-1,35.85332922,128.5722902
대구광역시 달서구 상인동 1560,35.81216502,128.5492651
대구광역시 달서구 성당동 660,35.84443849,128.5499641
대구광역시 달서구 도원동 1441-1,35.80596789,128.5323817
대구광역시 달서구 본리동 407-1,35.83856881,128.5344708
대구광역시 달서구 진천동 253-9,35.81090267,128.5282878
대구광역시 달서구 감삼동 338,35.84457103,128.5386403
대구광역시 달서구 상인동 481,35.81293412,128.5426752
대구광역시 달서구 상인동 860-1,35.82006524,128.5499599
대구광역시 달서구 진천동 57-1,35.81642334,128.5283129
대구광역시 달서구 상인동 1588,35.80636651,128.5506746
대구광역시 달서구 진천동 687-5,35.81127897,128.5195481
대구광역시 달서구 월성동 280,35.8310902,128.5318969
대구광역시 달서구 송현동 1961,35.82418641,128.5517497
대구광역시 달서구 도원동 1458,35.8032986,128.5357486
대구광역시 달서구 감삼동 196-1,35.84917998,128.5451459
대구광역시 달서구 월성동 269,35.83526704,128.5330982
대구광역시 달서구 송현동 1908,35.82868737,128.5448304
대구광역시 달서구 용산동 880,35.85522492,128.5320158
대구광역시 달서구 본동 275-1,35.83490543,128.5453379
대구광역시 달서구 송현동 898-4,35.82406479,128.5429839
대구광역시 달서구 두류동 1202-1,35.86063851,128.5723871
대구광역시 달서구 이곡동 727-1,35.85196007,128.5144445
대구광역시 달서구 도원동 1428-3,35.80816336,128.5312014
대구광역시 달서구 용산동 412-4,35.85329006,128.5187152
대구광역시 달서구 도원동 1455,35.80474345,128.5421325
대구광역시 달서구 이곡동 1304-4,35.85684832,128.5137344
대구광역시 달서구 용산동 504,35.86108823,128.5155245
대구광역시 달서구 신당동 1733,35.85799273,128.4947454
대구광역시 달서구 용산동 419-4,35.85789855,128.5189229
대구광역시 달서구 용산동 957,35.85483742,128.5265307
대구광역시 달서구 용산동 913,35.86109075,128.5312555
대구광역시 달서구 호산동 350-1,35.85058152,128.4815078
대구광역시 달서구 장기동 813-3,35.84439346,128.5290637
대구광역시 달서구 대곡동 1025,35.80662752,128.5217528
대구광역시 달서구 이곡동 1306-5,35.85809784,128.5135151
대구광역시 달서구 장기동 533-4,35.84478484,128.5317635
대구광역시 달서구 장기동 50,35.85035905,128.5232345
대구광역시 달서구 상인동 123-1,35.82174515,128.5318133
대구광역시 달서구 호산동 357-57,35.84907047,128.4790049
대구광역시 달서구 유천동 327-1,35.81257393,128.5118548
대구광역시 달서구 월성동 572,35.82408224,128.5284353
대구광역시 달서구 월성동 1351,35.82059631,128.5224969
대구광역시 달서구 월성동 755,35.828572,128.5217032
대구광역시 달서구 대곡동 1106,35.79831931,128.5285639
대구광역시 달서구 유천동 403-1,35.81210506,128.516097
대구광역시 달서구 진천동 289-7,35.80997304,128.527573
대구광역시 달서구 월성동 1395-3,35.81935795,128.5229983
대구광역시 달서구 용산동 485-1,35.85948655,128.5226867
대구광역시 달서구 본리동 76-3,35.84256383,128.5420251
대구광역시 달서구 월성동 1441,35.822893,128.5225789
대구광역시 달서구 상인동 1,35.82283958,128.5367112
대구광역시 달서구 월성동 1539-4,35.82184592,128.5211982
대구광역시 달서구 이곡동 1306-1,35.85755161,128.5094541
대구광역시 달서구 송현동 1963-7,35.82542302,128.5513599
대구광역시 달서구 진천동 49-17,35.81659642,128.5296521
대구광역시 달서구 성당동 520-19,35.8432168,128.5549372
대구광역시 달서구 진천동 813,35.81332941,128.5329179
대구광역시 달서구 용산동 905,35.85114028,128.5164431
대구광역시 달서구 본리동 208-1,35.8385119,128.545108
대구광역시 달서구 이곡동 1191,35.85566336,128.5041165
대구광역시 달서구 도원동 1442-2,35.80600034,128.5352145
대구광역시 달서구 상인동 42,35.82358041,128.5342978
대구광역시 달서구 상인동 860-2,35.82091861,128.5469351
대구광역시 달서구 송현동 1969-4,35.82397008,128.5537072
대구광역시 달서구 송현동 1982-2,35.82909768,128.5540861
대구광역시 달서구 대곡동 7-9,35.80770731,128.5096029
대구광역시 달서구 도원동 1439-5,35.80665732,128.5414596
대구광역시 달서구 상인동 1531,35.81770549,128.5459171
대구광역시 달서구 감삼동 206-68,35.84509678,128.5438481
대구광역시 달서구 진천동 726,35.80895431,128.5193669
대구광역시 달서구 상인동 453-1,35.81000047,128.5416372
대구광역시 달서구 상인동 1517,35.81651286,128.5425779
대구광역시 달서구 이곡동 1256,35.85286261,128.512059
대구광역시 달서구 도원동 1457-3,35.80397398,128.5348468
대구광역시 달서구 이곡동 1194,35.85406557,128.5003974
대구광역시 달서구 두류동 471-2,35.8568666,128.5560843
대구광역시 달서구 감삼동 52-2,35.85474792,128.5424404
대구광역시 달서구 성당동 824-58,35.83899766,128.5492888
대구광역시 달서구 장기동 814-1,35.84660805,128.5264656
대구광역시 달서구 상인동 1462,35.81100225,128.5353256
대구광역시 달서구 이곡동 1349-8,35.85954502,128.5133311
대구광역시 달서구 용산동 459-2,35.85689206,128.5223818
대구광역시 달서구 신당동 1759,35.85859122,128.4990642
대구광역시 달서구 용산동 564-2,35.86008631,128.5236318
대구광역시 달서구 송현동 531-1,35.83264361,128.5452448
대구광역시 달서구 송현동 554,35.83085801,128.5474352
대구광역시 달서구 신당동 1801-1,35.85425496,128.4938553
대구광역시 달서구 진천동 223-33,35.81403925,128.5293484
대구광역시 달서구 대곡동 57-3,35.80876662,128.5148179
대구광역시 달서구 본리동 193-3,35.83903418,128.5471926
대구광역시 달서구 신당동 552,35.85822816,128.4964377
대구광역시 달서구 대천동 461-1,35.81744454,128.5194445
대구광역시 달서구 상인동 745,35.81996355,128.5388941
대구광역시 달서구 월성동 1184,35.82283274,128.5260536
대구광역시 달서구 죽전동 250-2,35.85282869,128.5403127
대구광역시 달서구 성당동 286,35.83923761,128.5558724
대구광역시 달서구 두류동 745-2,35.84727082,128.5514561
대구광역시 달서구 용산동 532-1,35.8578109,128.5225034
대구광역시 달서구 본리동 669,35.83843377,128.532385
대구광역시 달서구 송현동 500-54,35.83342657,128.5474861
대구광역시 달서구 진천동 470-23,35.80974735,128.5214745
대구광역시 달서구 상인동 588,35.81479047,128.5403876
대구광역시 달서구 상인동 588,35.81479047,128.5403876
대구광역시 달서구 상인동 1214,35.80908752,128.5501291
대구광역시 달서구 이곡동 1000-195,35.85029219,128.5145444
대구광역시 달서구 대곡동 1035,35.80469338,128.516933
대구광역시 달서구 두류동 614-6,35.85384614,128.5543582
대구광역시 달서구 상인동 1332-343,35.80939794,128.5425184
대구광역시 달서구 진천동 503-7,35.81303824,128.5253691
대구광역시 달서구 진천동 561-8,35.81687806,128.5253391
대구광역시 달서구 월암동 1-40,35.83300438,128.4997002
대구광역시 달서구 송현동 277-1,35.83077848,128.5588127
대구광역시 달서구 상인동 1429,35.81473892,128.5362016
대구광역시 달서구 송현동 1942-31,35.82683456,128.5521334
대구광역시 달서구 상인동 929,35.81827687,128.5471162
대구광역시 달서구 진천동 373,35.80990595,128.5243747
대구광역시 달서구 본리동 431-1,35.83972682,128.5335044
대구광역시 달서구 이곡동 1000-149,35.84986691,128.5128257
대구광역시 달서구 장기동 11,35.85174374,128.5227797
대구광역시 달서구 용산동 202-2,35.85179053,128.5326223
대구광역시 달서구 용산동 226-2,35.85234239,128.532161
대구광역시 달서구 이곡동 432,35.85620463,128.5082718
대구광역시 달서구 감삼동 295-10,35.845311,128.5424424
대구광역시 달서구 감삼동 165-5,35.8480268,128.5398261
대구광역시 달서구 장기동 554-3,35.84313621,128.5329738
대구광역시 달서구 용산동 477,35.86015477,128.5223989
대구광역시 달서구 죽전동 365-20,35.85839944,128.5362048
대구광역시 달서구 도원동 606,35.80674904,128.5490396
대구광역시 달서구 월성동 1177-3,35.82332367,128.525094
대구광역시 달서구 본동 1108-1,35.83380938,128.5385895
대구광역시 달서구 월성동 1482,35.82250939,128.5216688
대구광역시 달서구 용산동 501-2,35.86028574,128.5171447
대구광역시 달서구 두류동 804-136,35.85815248,128.5706752
대구광역시 달서구 월성동 1521,35.82400975,128.5207158
대구광역시 달서구 감삼동 132-9,35.84998593,128.543334
대구광역시 달서구 성당동 500-7,35.84115055,128.550888
대구광역시 달서구 진천동 628-1,35.812508,128.521008
대구광역시 달서구 두류동 636-2,35.8518362,128.5522069
대구광역시 달서구 감삼동 35-5,35.85541484,128.5422097
대구광역시 달서구 이곡동 1321-1,35.86110349,128.504619
